Acupuncture,acupuncturists
Allergists,
Audiologists,audiologists
Cardiologists,
Chiropractors,chiropractors
Cosmetic Surgeons,
Dentists,dentists
Dermatologists,dermatologists
Ear Nose and Throat (ENT) Doctors,
Endocrinologists,endocrinologists
Endodontists,endodontists
Family Doctors,family-doctors
Gastroenterologists,
Gynecologists,
Homeopath,homeopaths
Massage therapy,
Naturopath,naturopaths
Nephrologists,
Neurologists,
Neurosurgeons,
Occupational Therapy,occupational-therapists
Oncologists,
Ophthalmologists,ophthalmologists
Optometrists,optometrists
Oral Surgeons,oral-surgeons
Orthodontists,orthodontists
Orthopedics,orthopedic-surgeons
Pediatricians,pediatricians
Physical therapy,physical-therapists
Podiatrists,podiatrists
Proctologists,psychiatrists
Psychiatrists,psychologists
Psychologists,
Pulmonologists,
Rheumatologists,
Sleep Doctors,
Surgeons,
Therapists,
Urologist,
