Canada,Alberta,AB
Canada,British Columbia,BC
Canada,Manitoba,MB
Canada,New Brunswick,NB
Canada,Newfoundland and Labrador,NL
Canada,Nova Scotia,NS
Canada,Ontario,ON
Canada,Quebec,QC
Canada,Saskatchewan,SK
United States,Alabama,AL
United States,Alaska,AK
United States,Arizona,AZ
United States,Arkansas,AR
United States,California,CA
United States,Colorado,CO
United States,Connecticut,CT
United States,District of columbia,DC
United States,Florida,FL
United States,Georgia,GA
United States,Hawaii,HI
United States,Idaho,ID
United States,Illinois,IL
United States,Indiana,IN
United States,Iowa,IA
United States,Kansas,KS
United States,Kentucky,TY
United States,Louisiana,LA
United States,Maryland,MD
United States,Massachusetts,MA
United States,Michigan,MI
United States,Minnesota,MN
United States,Mississippi,MS
United States,Missouri,MO
United States,Montana,MT
United States,Nebraska,NE
United States,Nevada,NV
United States,New hampshire,NH
United States,New jersey,NJ
United States,New mexico,NM
United States,New york,NY
United States,North carolina,NC
United States,North dakota,ND
United States,Ohio,OH
United States,Oklahoma,OK
United States,Oregon,OR
United States,Pennsylvania,PA
United States,Rhode island,RI
United States,South carolina,SC
United States,South dakota,SD
United States,Tennessee,TN
United States,Texas,TX
United States,Utah,UT
United States,Virginia,VA
United States,Washington,WA
United States,Wisconsin,WI
