Acupuncture,Acupuncture
Allergists,Allergists
Audiologists,Audiologist
Cardiologists,Cardiologists
Chiropractors,Chiropractors
Cosmetic Surgeons,Cosmetic Surgeons
Dentists,Dentists
Dermatologists,Dermatologists
Ear Nose and Throat (ENT) Doctors,Ear Nose & Throat
Endocrinologists,Endocrinologists
Endodontists,Endodontists
Family Doctors,Family Practice
Gastroenterologists,Gastroenterologist
Gynecologists,Obstetricians & Gynecologists
Homeopath,
Massage therapy,Massage Therapy
Naturopath,Naturopathic/Holistic
Nephrologists,Nephrologists
Neurologists,Neurologist
Neurosurgeons,
Occupational Therapy,Occupational Therapy
Oncologists,Oncologist
Ophthalmologists,Ophthalmologists
Optometrists,Optometrists
Oral Surgeons,Oral Surgeons
Orthodontists,Orthodontists
Orthopedics,Orthopedists
Pediatricians,Pediatricians
Physical therapy,Physical Therapy
Podiatrists,Podiatrists
Proctologists,Proctologists
Psychiatrists,Psychiatrists
Psychologists,Psychologists
Pulmonologists,Pulmonologist
Rheumatologists,Rheumatologists
Sleep Doctors,Sleep Specialists
Surgeons,Surgeons
Therapists,
Urologist,Urologists
Assisted Living,Assisted Living Facilities
Home Care,Home Health Care
Hospice,Hospice
Retirement Homes,Retirement Homes
